{
    "tool_radius": 0.025,
    "align_tolerance": 0.0,
    "channel_dist_min": 0.03,
    "channel_dist_delta":0.06,
    "slack": 0.08,
    "pivot_radius": 0.01,
    "pivot_dilated_radius": 0.06,
    "pivot_z_down": 0.1,
    "channel_height": 0.13,
    "channel_length": 0.04,
    "channel_width": 0.01,
    "channel_insertion_diff": 0.04,
    "initial_fixture_height": 0.053,
    "initial_fixture_offset": 0.05,
    "maxvel_freespace": 0.1,
    "maxacc_freespace": 0.05,
    "maxvel_contact": 0.1,
    "maxacc_contact": 0.05,
    "maxvel_jointspace": 0.15,
    "maxacc_jointspace": 0.05,
    "maxacc_mav": 0.1,
    "maxvel_mav": 0.1,
    "cable_tension": 4,
    "force_threshold": 0.5,
    "torque_threshold": 0.5,
    "eq_r": 0.3,
    "k_x":1500,
    "tan_acc": 0.07,
    "tan_vel": 0.02,
    "slide_height": 0.25,
    "gripper_vel": 15.0,
    "gripper_force": 80.0,
    "gripper_direction": true,
    "gripper_width": 0.015,
    "cog_FT_sensor_frame": [
        -0.0011954981868229784,
        -0.009190207494445404,
        0.0527655264478692
    ],
    "tool_weight": 14.92614956208131,
    "cable_slide_pos": 50.0,
    "cable_a": 2.5,
    "cable_C": 0.4,
    "k_o": 0.45,
    "K_robot_cable_sliding": 0.5,
    "maira_home": [0, 0, 0, 1.5707, 0, 1.5707, 0],
    "peg_insertion_contact_force": 16.0,
    "fixture_pickup_home": [1.224451, 1.118963, 0.3424582, 1.761125, -0.93279, 1.557330, -0.127220],
    "pickup_big_channel_approximate": [1.245942, 1.301674, 0.2671710, 1.57562, -0.965516, 1.57706, -0.09312],
    "pivot_prepickup_cartesian_pose":   [-0.0260, -0.272404182, 0.7229385, 0.4545195, 0.4545195, -0.5416752, 0.5416752],
    "channel_prepickup_cartesian_pose": [-0.1260, -0.272404182, 0.7229385, 0.4545195, 0.4545195, -0.5416752, 0.5416752],
    "pivot_pickup_cartesian_pose":   [-0.0260, -0.204, 0.535, 0.4545195, 0.4545195, -0.5416752, 0.5416752],
    "channel_pickup_cartesian_pose": [-0.1260, -0.204, 0.535, 0.4545195, 0.4545195, -0.5416752, 0.5416752]
}