{
    "position": [
        -0.0043674289232972655,
        -0.0027086381331795028,
        0.05108246589587512
    ],
    "weight": 15.07797121737387
}