{
    "position": [
        -0.0011954981868229784,
        -0.009190207494445404,
        0.0527655264478692
    ],
    "weight": 14.92614956208131
}